id_gaspar;code_commune;libelle_commune;num_risque_jo;lib_risque_jo;date_debut;date_fin;date_signature_arrete;date_publication_jo;date_modification
INTE9200465A;11132;Fabrezan;ICB;Inondations et/ou Coulées de Boue;1992-09-26 02:00:00;1992-09-27 02:00:00;1992-10-12 01:00:00;1992-10-13 01:00:00;2022-05-20 02:00:00.000
INTE9200448A;11262;Narbonne;ICB;Inondations et/ou Coulées de Boue;1992-01-22 01:00:00;1992-01-25 01:00:00;1992-07-15 02:00:00;1992-09-24 02:00:00;2022-05-20 02:00:00.000
INTE9900627A;40330;Villenave;ICB;Inondations et/ou Coulées de Boue;1999-12-25 12:00:00;1999-12-29 12:00:00;1999-12-29 12:00:00;1999-12-30 12:00:00;2022-05-24 11:17:06.954
INTE1935645A;11132;Fabrezan;SEC;Sécheresse;2018-01-01 01:00:00;2018-03-31 02:00:00;2019-12-13 01:00:00;2019-12-19 01:00:00;2022-05-24 02:00:00.000
IOME2308745A;11132;Fabrezan;SEC;Sécheresse;2022-10-01 12:00:00;2022-12-31 12:00:00;2023-04-03 12:00:00;2023-05-03 12:00:00;2023-05-04 10:59:28.790
INTE9200465A;11262;Narbonne;ICB;Inondations et/ou Coulées de Boue;1992-09-26 02:00:00;1992-09-27 02:00:00;1992-10-12 01:00:00;1992-10-13 01:00:00;2022-05-20 02:00:00.000
INTE9200448A;11132;Fabrezan;ICB;Inondations et/ou Coulées de Boue;1992-01-22 01:00:00;1992-01-25 01:00:00;1992-07-15 02:00:00;1992-09-24 02:00:00;2022-05-20 02:00:00.000
INTE9900627A;40330;Villenave;MVT;Mouvement de Terrain;1999-12-25 12:00:00;1999-12-29 12:00:00;1999-12-29 12:00:00;1999-12-30 12:00:00;2022-05-24 11:17:06.954
INTE9200448A;11262;Narbonne;PDN;Poids de la Neige;1992-01-22 01:00:00;1992-01-25 01:00:00;1992-07-15 02:00:00;1992-09-24 02:00:00;2022-05-20 02:00:00.000
INTE9200448A;11132;Fabrezan;PDN;Poids de la Neige;1992-01-22 01:00:00;1992-01-25 01:00:00;1992-07-15 02:00:00;1992-09-24 02:00:00;2022-05-20 02:00:00.000
INTE0400157A;11262;Narbonne;ICB;Inondations et/ou Coulées de Boue;2003-11-16 01:00:00;2003-11-16 01:00:00;2004-03-05 01:00:00;2004-03-20 01:00:00;2022-05-24 02:00:00.000
INTE1502134A;11132;Fabrezan;ICB;Inondations et/ou Coulées de Boue;2014-11-28 01:00:00;2014-11-30 01:00:00;2015-02-17 01:00:00;2015-02-19 01:00:00;2022-05-24 02:00:00.000
INTE1311771A;11262;Narbonne;CMV;Chocs Mécaniques liés à l'action des Vagues;2013-03-05 01:00:00;2013-03-07 01:00:00;2013-05-21 02:00:00;2013-05-25 02:00:00;2022-05-24 02:00:00.000
INTE1429330A;11262;Narbonne;ICB;Inondations et/ou Coulées de Boue;2014-11-27 01:00:00;2014-11-30 01:00:00;2014-12-10 01:00:00;2014-12-11 01:00:00;2022-05-24 02:00:00.000
NOR19821118;11132;Fabrezan;ICB;Inondations et/ou Coulées de Boue;1982-11-06 12:00:00;1982-11-10 12:00:00;1982-11-18 12:00:00;1982-11-19 12:00:00;2022-05-20 15:41:10.679
INTE0600098A;11262;Narbonne;ICB;Inondations et/ou Coulées de Boue;2005-11-15 01:00:00;2005-11-15 01:00:00;2006-02-16 01:00:00;2006-02-28 01:00:00;2022-05-24 02:00:00.000
NOR19861211;11262;Narbonne;ICB;Inondations et/ou Coulées de Boue;1986-10-12 01:00:00;1986-10-14 01:00:00;1986-12-11 01:00:00;1987-01-09 01:00:00;2022-05-20 02:00:00.000
INTE8900559A;11262;Narbonne;ICB;Inondations et/ou Coulées de Boue;1989-08-05 02:00:00;1989-08-05 02:00:00;1989-12-05 01:00:00;1989-12-13 01:00:00;2022-05-20 02:00:00.000
IOCE0902322A;11262;Narbonne;ICB;Inondations et/ou Coulées de Boue;2009-01-24 12:00:00;2009-01-27 12:00:00;2009-01-28 12:00:00;2009-01-29 12:00:00;2022-05-24 11:39:20.861
INTE9200495A;11262;Narbonne;ICB;Inondations et/ou Coulées de Boue;1992-07-01 02:00:00;1992-07-01 02:00:00;1992-11-06 01:00:00;1992-11-18 01:00:00;2022-05-20 02:00:00.000
INTE9900544A;11132;Fabrezan;ICB;Inondations et/ou Coulées de Boue;1999-11-12 01:00:00;1999-11-14 01:00:00;1999-11-17 01:00:00;1999-11-18 01:00:00;2022-05-23 02:00:00.000
INTE1931207A;11262;Narbonne;ICB;Inondations et/ou Coulées de Boue;2019-10-22 02:00:00;2019-10-23 02:00:00;2019-10-30 01:00:00;2019-10-31 01:00:00;2022-05-24 02:00:00.000
INTE1418131A;11262;Narbonne;ICB;Inondations et/ou Coulées de Boue;2014-06-13 02:00:00;2014-06-13 02:00:00;2014-08-07 02:00:00;2014-08-10 02:00:00;2022-05-24 02:00:00.000
NOR19821118;34170;Montouliers;ICB;Inondations et/ou Coulées de Boue;1982-11-06 12:00:00;1982-11-10 12:00:00;1982-11-18 12:00:00;1982-11-19 12:00:00;2022-05-20 15:41:10.679
INTE1824834A;11262;Narbonne;SEC;Sécheresse;2017-07-01 02:00:00;2017-09-30 02:00:00;2018-09-18 02:00:00;2018-10-20 02:00:00;2022-05-24 02:00:00.000
NOR19821118;11262;Narbonne;TMP;Tempête;1982-11-06 12:00:00;1982-11-10 12:00:00;1982-11-18 12:00:00;1982-11-19 12:00:00;2022-05-20 15:41:10.679
INTE1731322A;11262;Narbonne;SEC;Sécheresse;2016-07-01 02:00:00;2016-09-30 02:00:00;2017-11-21 01:00:00;2017-12-15 01:00:00;2022-05-24 02:00:00.000
INTE9900544A;11262;Narbonne;ICB;Inondations et/ou Coulées de Boue;1999-11-12 01:00:00;1999-11-14 01:00:00;1999-11-17 01:00:00;1999-11-18 01:00:00;2022-05-23 02:00:00.000
IOME2218165A;34170;Montouliers;SEC;Sécheresse;2021-04-01 02:00:00;2021-12-31 01:00:00;2022-07-11 02:00:00;2022-07-26 02:00:00;2022-10-05 02:00:00.000
IOME2330891A;40330;Villenave;SEC;Sécheresse;2022-04-01 02:00:00;2022-12-31 01:00:00;2023-11-21 01:00:00;2023-12-10 01:00:00;2023-12-12 01:00:00.000
IOCE0902322A;40330;Villenave;ICB;Inondations et/ou Coulées de Boue;2009-01-24 12:00:00;2009-01-27 12:00:00;2009-01-28 12:00:00;2009-01-29 12:00:00;2022-05-24 11:39:20.861
INTE9800067A;11262;Narbonne;CMV;Chocs Mécaniques liés à l'action des Vagues;1997-12-16 01:00:00;1997-12-18 01:00:00;1998-03-12 01:00:00;1998-03-28 01:00:00;2022-05-20 02:00:00.000
IOCE0902322A;40330;Villenave;CMV;Chocs Mécaniques liés à l'action des Vagues;2009-01-24 12:00:00;2009-01-27 12:00:00;2009-01-28 12:00:00;2009-01-29 12:00:00;2022-05-24 11:39:20.861
IOCE0902322A;11132;Fabrezan;CMV;Chocs Mécaniques liés à l'action des Vagues;2009-01-24 12:00:00;2009-01-27 12:00:00;2009-01-28 12:00:00;2009-01-29 12:00:00;2022-05-24 11:39:20.861
IOCE0908937A;11132;Fabrezan;SEC;Sécheresse;2008-07-01 02:00:00;2008-09-30 02:00:00;2009-04-17 02:00:00;2009-04-22 02:00:00;2022-05-24 02:00:00.000
INTE9900544A;34170;Montouliers;ICB;Inondations et/ou Coulées de Boue;1999-11-12 01:00:00;1999-11-14 01:00:00;1999-11-17 01:00:00;1999-11-18 01:00:00;2022-05-23 02:00:00.000
INTE9700555A;11132;Fabrezan;ICB;Inondations et/ou Coulées de Boue;1997-06-01 02:00:00;1997-06-01 02:00:00;1997-12-17 01:00:00;1997-12-30 01:00:00;2022-05-20 02:00:00.000
INTE9400331A;11262;Narbonne;SEC;Sécheresse;1989-01-01 01:00:00;1991-02-28 01:00:00;1994-06-30 02:00:00;1994-07-09 02:00:00;2022-05-20 02:00:00.000
IOME2415881A;11262;Narbonne;SEC;Sécheresse;2023-01-01 01:00:00;2023-12-31 01:00:00;2024-06-18 02:00:00;2024-07-02 02:00:00;2024-07-04 02:00:00.000
INTE9500104A;11262;Narbonne;ICB;Inondations et/ou Coulées de Boue;1994-10-18 01:00:00;1994-10-19 01:00:00;1995-03-03 01:00:00;1995-03-17 01:00:00;2022-05-20 02:00:00.000
INTE1503998A;11262;Narbonne;ICB;Inondations et/ou Coulées de Boue;2014-11-24 01:00:00;2014-11-24 01:00:00;2015-03-03 01:00:00;2015-03-04 01:00:00;2022-05-24 02:00:00.000
INTE8800010A;11262;Narbonne;ICB;Inondations et/ou Coulées de Boue;1987-10-10 01:00:00;1987-10-10 01:00:00;1987-12-02 01:00:00;1988-01-16 01:00:00;2022-05-20 02:00:00.000
INTE9600054A;34170;Montouliers;ICB;Inondations et/ou Coulées de Boue;1996-01-28 01:00:00;1996-01-30 01:00:00;1996-02-02 01:00:00;1996-02-03 01:00:00;2022-05-20 02:00:00.000
IOME2311008A;34170;Montouliers;SEC;Sécheresse;2022-10-01 02:00:00;2022-12-31 01:00:00;2023-04-25 02:00:00;2023-06-10 02:00:00;2023-06-19 02:00:00.000
IOME2415881A;34170;Montouliers;SEC;Sécheresse;2023-01-01 01:00:00;2023-12-31 01:00:00;2024-06-18 02:00:00;2024-07-02 02:00:00;2024-07-04 02:00:00.000
INTE8800010A;11132;Fabrezan;ICB;Inondations et/ou Coulées de Boue;1987-10-10 01:00:00;1987-10-10 01:00:00;1987-12-02 01:00:00;1988-01-16 01:00:00;2022-05-20 02:00:00.000
INTE9600421A;11262;Narbonne;SEI;Secousse Sismique;1996-02-18 01:00:00;1996-02-18 01:00:00;1996-10-01 02:00:00;1996-10-17 02:00:00;2022-05-20 02:00:00.000
IOME2308745A;11262;Narbonne;SEC;Sécheresse;2022-07-01 12:00:00;2022-12-31 12:00:00;2023-04-03 12:00:00;2023-05-03 12:00:00;2023-05-04 10:59:33.359
INTE0600098A;11132;Fabrezan;ICB;Inondations et/ou Coulées de Boue;2005-11-13 01:00:00;2005-11-14 01:00:00;2006-02-16 01:00:00;2006-02-28 01:00:00;2022-05-24 02:00:00.000
INTE1828277A;11132;Fabrezan;ICB;Inondations et/ou Coulées de Boue;2018-10-14 02:00:00;2018-10-15 02:00:00;2018-10-17 02:00:00;2018-10-18 02:00:00;2022-05-24 02:00:00.000
INTE0600494A;11262;Narbonne;ICB;Inondations et/ou Coulées de Boue;2006-01-29 01:00:00;2006-01-31 01:00:00;2006-06-16 02:00:00;2006-07-14 02:00:00;2022-05-24 02:00:00.000
INTE9600559A;11132;Fabrezan;ICB;Inondations et/ou Coulées de Boue;1996-12-06 01:00:00;1996-12-12 01:00:00;1997-01-21 01:00:00;1997-02-05 01:00:00;2022-05-20 02:00:00.000
INTE1727359A;11132;Fabrezan;SEC;Sécheresse;2016-07-01 02:00:00;2016-09-30 02:00:00;2017-10-24 02:00:00;2017-11-01 01:00:00;2022-05-24 02:00:00.000
IOME2218165A;11262;Narbonne;SEC;Sécheresse;2021-04-01 02:00:00;2021-09-30 02:00:00;2022-07-11 02:00:00;2022-07-26 02:00:00;2022-10-05 02:00:00.000
INTE9400127A;11262;Narbonne;ICB;Inondations et/ou Coulées de Boue;1993-10-27 01:00:00;1993-11-01 01:00:00;1994-03-08 01:00:00;1994-03-24 01:00:00;2022-05-20 02:00:00.000
NOR19821118;34170;Montouliers;TMP;Tempête;1982-11-06 12:00:00;1982-11-10 12:00:00;1982-11-18 12:00:00;1982-11-19 12:00:00;2022-05-20 15:41:10.679
NOR19821118;11262;Narbonne;ICB;Inondations et/ou Coulées de Boue;1982-11-06 12:00:00;1982-11-10 12:00:00;1982-11-18 12:00:00;1982-11-19 12:00:00;2022-05-20 15:41:10.679
NOR19821118;11132;Fabrezan;TMP;Tempête;1982-11-06 12:00:00;1982-11-10 12:00:00;1982-11-18 12:00:00;1982-11-19 12:00:00;2022-05-20 15:41:10.679
INTE1311771A;11262;Narbonne;ICB;Inondations et/ou Coulées de Boue;2013-03-06 01:00:00;2013-03-07 01:00:00;2013-05-21 02:00:00;2013-05-25 02:00:00;2022-05-24 02:00:00.000
IOCE0902322A;11262;Narbonne;CMV;Chocs Mécaniques liés à l'action des Vagues;2009-01-24 12:00:00;2009-01-27 12:00:00;2009-01-28 12:00:00;2009-01-29 12:00:00;2022-05-24 11:39:20.861
INTE9600255A;11262;Narbonne;ICB;Inondations et/ou Coulées de Boue;1996-01-28 01:00:00;1996-01-29 01:00:00;1996-06-17 02:00:00;1996-07-09 02:00:00;2022-05-20 02:00:00.000
INTE0500698A;11262;Narbonne;ICB;Inondations et/ou Coulées de Boue;2005-09-06 02:00:00;2005-09-06 02:00:00;2005-10-10 02:00:00;2005-10-14 02:00:00;2022-05-24 02:00:00.000
IOME2415881A;11132;Fabrezan;SEC;Sécheresse;2023-01-01 01:00:00;2023-12-31 01:00:00;2024-06-18 02:00:00;2024-07-02 02:00:00;2024-07-04 02:00:00.000
IOCE0902322A;11132;Fabrezan;ICB;Inondations et/ou Coulées de Boue;2009-01-24 12:00:00;2009-01-27 12:00:00;2009-01-28 12:00:00;2009-01-29 12:00:00;2022-05-24 11:39:20.861
INTE1828277A;11262;Narbonne;ICB;Inondations et/ou Coulées de Boue;2018-10-14 02:00:00;2018-10-15 02:00:00;2018-10-17 02:00:00;2018-10-18 02:00:00;2022-05-24 02:00:00.000
INTE1818803A;11132;Fabrezan;SEC;Sécheresse;2017-07-01 02:00:00;2017-09-30 02:00:00;2018-07-10 02:00:00;2018-07-27 02:00:00;2022-05-24 02:00:00.000
INTE9600559A;11262;Narbonne;ICB;Inondations et/ou Coulées de Boue;1996-12-06 01:00:00;1996-12-12 01:00:00;1997-01-21 01:00:00;1997-02-05 01:00:00;2022-05-20 02:00:00.000
